"","Time","TS..Surface.temperature.","T2M..2m_Temperature.","H..Averaged_Sensible_Heat_Flux.","LE..Averaged_Total_Latent_Heat_Flux.","GFLUX..Averaged_Ground_Heat_Flux.","Air.Temperature.0m..Height...0.","Relative.Humidity.2m..Height...2.","Rainfall.Amount..Height...0.","Snowfall.Amount..Height...0.","Wind.Speed..Height...10.","Snowfall.Amount.Acc..Height...0.","Precipitation.Amount.Acc..Height...0.","Surface Downwelling Shortwave Flux In Air (Height = 0)"
"1","2022-05-09",271.04,271.99,-17.1,46.8,14.5,271.037567138672,0.668535768985748,0,0,7.97629690170288,0,0,93.0168380737305
"2","2022-05-09 06:00:00",272.31,273.01,-17.1,23.4,4.5,272.30517578125,0.856050252914429,0,0,10.5379486083984,0,0,49.5405082702637
"3","2022-05-09 12:00:00",269.58,271.37,-52.5,36.1,-6.1,269.576965332031,0.752216935157776,0,0,13.809401512146,0,0,0
"4","2022-05-09 18:00:00",270.81,270.97,-8.2,-4.1,6.7,270.811218261719,0.999866783618927,1.19209289550781e-07,0.000124946236610413,15.4730539321899,0.990959167480469,0.992336273193359,0
"5","2022-05-10",273.51,274.12,-15.7,-14.3,49.8,273.505310058594,1.00000214576721,9.98973846435547e-05,0,12.1301717758179,5.99788284301758,7.25220489501953,17.6332473754883
"6","2022-05-10 06:00:00",273.23,272.47,14.2,13.1,9.4,273.228942871094,1.00000178813934,3.93390655517578e-06,0.000134304165840149,10.737434387207,15.2379264831543,15.3918991088867,38.7452049255371
"7","2022-05-10 12:00:00",271.4,271.53,-3.6,-2.2,6.3,271.404754638672,1.00000476837158,4.76837158203125e-07,0.000336647033691406,7.64748859405518,6.74073028564453,6.87352752685547,0
"8","2022-05-10 18:00:00",269.75,270.51,-12.6,-7.7,-15.5,269.752197265625,0.996388852596283,1.19209289550781e-07,4.41074371337891e-05,7.24896478652954,4.62016677856445,4.66120147705078,0
"9","2022-05-11",273.24,271.94,19.8,18.6,23.1,273.237731933594,0.999179184436798,1.19209289550781e-07,7.84844160079956e-05,8.15841197967529,5.29087066650391,5.30447006225586,80.5565948486328
"10","2022-05-11 06:00:00",272.74,271.96,12.1,12.5,-9.5,272.741485595703,0.996660470962524,0,0.000387310981750488,9.07040882110596,6.73619079589844,6.76084899902344,23.4147605895996
"11","2022-05-11 12:00:00",270.47,270.39,-0.6,1.8,-4.9,270.474578857422,0.995884537696838,0,0.000459656119346619,9.84101867675781,19.7819747924805,19.799747467041,0
"12","2022-05-11 18:00:00",270.18,270.04,0.7,2.1,-3.7,270.181274414062,0.999975442886353,6.55651092529297e-06,9.30726528167725e-05,11.7171049118042,3.75092315673828,3.85645294189453,0
"13","2022-05-12",270.66,269.87,18.3,15.6,-3.3,270.656341552734,0.999515891075134,4.23192977905273e-06,0.00012090802192688,13.566707611084,7.363037109375,7.43460464477539,34.2277679443359
"14","2022-05-12 06:00:00",270.35,269.31,22.2,18,-6.1,270.348999023438,0.997759580612183,3.814697265625e-06,3.37362289428711e-05,11.7338256835938,4.39227676391602,4.49260711669922,39.2121772766113
"15","2022-05-12 12:00:00",269.78,269.62,0.9,2,-3.5,269.781494140625,0.998877048492432,1.54972076416016e-06,8.63224267959595e-05,8.6753511428833,4.52562713623047,4.62984466552734,0
"16","2022-05-12 18:00:00",269.03,269.44,-9.7,-4.9,-3.9,269.033660888672,0.996373891830444,1.19209289550781e-07,0.000103488564491272,9.32656002044678,1.3688850402832,1.40628433227539,0
"17","2022-05-13",272.95,271.96,16.1,15.2,11.2,272.945953369141,1.00000357627869,1.19209289550781e-07,0.000156328082084656,9.1827564239502,3.43462753295898,3.44572830200195,52.8068885803223
"18","2022-05-13 06:00:00",272.36,271.93,8,7.7,0.1,272.360107421875,1.00000309944153,8.34465026855469e-06,0.000211223959922791,12.4044370651245,15.6115684509277,15.6216735839844,19.2282180786133
"19","2022-05-13 12:00:00",270.77,270.69,-0.5,0.5,-2.7,270.767395019531,1.00000548362732,7.74860382080078e-07,5.02467155456543e-05,7.60839700698853,10.9954833984375,11.0115394592285,0
"20","2022-05-13 18:00:00",268.76,268.55,2.4,4.2,-7.6,268.75732421875,0.994924426078796,3.33786010742188e-06,4.06205654144287e-05,12.2657136917114,3.63625717163086,3.69763946533203,0.0078125
"21","2022-05-14",270.72,269.11,35.1,27.4,-2,270.721435546875,0.997334361076355,1.43051147460938e-06,3.34978103637695e-05,11.4034376144409,1.70381927490234,1.82009506225586,70.207389831543
"22","2022-05-14 06:00:00",271.86,270.36,26.8,22,3.7,271.86279296875,1.00000238418579,1.66893005371094e-06,5.19007444381714e-05,9.38806056976318,1.64382934570312,1.70742034912109,62.233081817627
"23","2022-05-14 12:00:00",270.51,270.39,0.3,1.2,-2,270.513793945312,1.00000286102295,7.15255737304688e-06,2.07275152206421e-05,8.33110523223877,0.337657928466797,0.462348937988281,0
"24","2022-05-14 18:00:00",271.04,270.94,-0.1,0.8,-1,271.042083740234,1.00000631809235,5.48362731933594e-06,5.13345003128052e-05,8.883544921875,0.923480987548828,1.06930160522461,0.0859375
"25","2022-05-15",272.68,271.92,9.3,8.3,5.3,272.681396484375,1.00000357627869,9.41753387451172e-06,8.93920660018921e-05,6.9607367515564,2.91693115234375,3.15190887451172,25.7111568450928
"26","2022-05-15 06:00:00",273.4,272.56,6.8,6.2,31.4,273.394775390625,1.00000202655792,3.57627868652344e-06,2.08914279937744e-05,4.19476079940796,3.80632781982422,3.96891784667969,48.4309310913086
"27","2022-05-15 12:00:00",271.59,272.63,-7.2,-4.2,-10.1,271.590972900391,0.982502341270447,0,0,3.15839385986328,1.71314239501953,1.80360412597656,0
"28","2022-05-15 18:00:00",267.98,272.79,-34.4,1.8,-14,267.982269287109,0.676424741744995,0,0,3.48709464073181,0.0300559997558594,0.096099853515625,0.546875
"29","2022-05-16",273.25,273.38,-0.9,19,12.1,273.250244140625,0.589297592639923,0,0,1.87269687652588,0.000249862670898438,0.0013885498046875,120.603713989258
"30","2022-05-16 06:00:00",273.23,276.69,-19,20.4,13.1,273.22802734375,0.534044325351715,0,0,2.69637274742126,0.000448226928710938,0.00045013427734375,110.902435302734
"31","2022-05-16 12:00:00",266.46,282.4,-122.8,9.6,50.4,266.456481933594,0.262085974216461,0,0,3.97612047195435,0,0,0
"32","2022-05-16 18:00:00",268.34,273.11,-57.5,-11.5,-7.6,268.341186523438,0.782152593135834,0,0,5.89403104782104,0,0,0.6328125
"33","2022-05-17",273.35,275.23,-11.3,22.6,28.7,273.353515625,0.597994983196259,0,0,2.92153334617615,0,0,143.325988769531
"34","2022-05-17 06:00:00",273.41,276.22,-15.7,14.9,34.7,273.412841796875,0.63766622543335,0,0,2.74686908721924,0,0,129.406692504883
"35","2022-05-17 12:00:00",269.68,274.48,-62.3,-8.4,-1.1,269.684112548828,0.751833736896515,0,0,6.37289762496948,0,0,0
"36","2022-05-17 18:00:00",268.64,273.48,-82,26.3,-8.6,268.638427734375,0.569827139377594,0,0,8.28889656066895,0,0,1.75
"37","2022-05-18",273.86,275.69,-37.9,27.1,95.7,273.861328125,0.796145617961884,0,0,10.6333055496216,0,0,164.02116394043
"38","2022-05-18 06:00:00",273.75,275.11,-20,-19.2,78.2,273.74658203125,1.00000143051147,9.89437103271484e-06,0,7.43096923828125,0,0.78485107421875,34.8215980529785
"39","2022-05-18 12:00:00",270.93,273.93,-41.9,-18.4,-14,270.926239013672,0.90816056728363,0,0,6.756263256073,0,0.675796508789062,0
"40","2022-05-18 18:00:00",266.6,274.25,-57.3,1.5,-19.7,266.595489501953,0.548997521400452,0,0,3.72174882888794,0,0.00330352783203125,2.09375
"41","2022-05-19",273.85,275.18,-17.5,43.3,92.9,273.855224609375,0.687212586402893,0,0,6.77893352508545,0,0,166.447204589844
"42","2022-05-19 06:00:00",273.88,274.81,-12.1,-8,95.6,273.884521484375,0.987047553062439,0,0,6.87050533294678,0,0.00460052490234375,124.458488464355
"43","2022-05-19 12:00:00",270.36,274.25,-8.8,-5.5,-15.9,270.362365722656,0.94214278459549,0,0,1.11172139644623,0,0.00093841552734375,0
"44","2022-05-19 18:00:00",267.49,278.28,-52.8,-7,16.2,267.494079589844,0.53693026304245,0,0,2.49492311477661,0,0.0027008056640625,3.046875
"45","2022-05-20",273.99,275.67,-12,19.2,114.2,273.988037109375,0.717563271522522,0,0,3.75033354759216,0.000885009765625,0.00475311279296875,210.288009643555
"46","2022-05-20 06:00:00",273.93,276.37,-19.1,12.8,101,273.929931640625,0.743838548660278,0,0,4.07419919967651,0.0018768310546875,0.008087158203125,184.961013793945
"47","2022-05-20 12:00:00",272.24,274.79,-23.1,7.9,18.2,272.237152099609,0.763783991336823,0,0,4.40495729446411,0,0,0
"48","2022-05-20 18:00:00",272.09,272.3,-0.9,-0.7,-5.6,272.092132568359,1.00000500679016,1.54972076416016e-06,2.68220901489258e-07,1.40004241466522,2.08685302734375,4.82806396484375,1.34375
"49","2022-05-21",273.42,272.99,1.2,1.2,32.9,273.416015625,1.000004529953,2.02655792236328e-06,0.000262841582298279,1.47289085388184,0.596370697021484,1.48250579833984,38.2491493225098
"50","2022-05-21 06:00:00",273.89,272.99,5.8,5.5,94.6,273.885498046875,1.00000286102295,4.76837158203125e-07,3.63588333129883e-06,2.91193127632141,0.375408172607422,0.437564849853516,132.548629760742
"51","2022-05-21 12:00:00",272.91,272.88,-0.5,-0.3,0.4,272.905578613281,1.00000393390656,2.86102294921875e-06,4.21702861785889e-06,3.21099853515625,0.417675018310547,0.482196807861328,0
"52","2022-05-21 18:00:00",272.5,272.21,1.2,1.3,-1.8,272.500030517578,1.00000524520874,1.96695327758789e-06,3.08901071548462e-05,3.33693385124207,0.560634613037109,0.627765655517578,2.203125
"53","2022-05-22",273.92,273.19,4.3,9.9,100.3,273.917724609375,0.920581936836243,0,0,2.60878443717957,0.166707992553711,0.227298736572266,214.720169067383
"54","2022-05-22 06:00:00",273.91,274.56,-6.6,13.8,96.3,273.907653808594,0.868074357509613,0,0,5.44965028762817,0.00597190856933594,0.0204353332519531,175.474212646484
"55","2022-05-22 12:00:00",271.37,273.54,-36,-0.5,4.5,271.373779296875,0.855105757713318,0,0,7.99669313430786,0,0,0
"56","2022-05-22 18:00:00",272.76,273.13,-9,-4.2,0,272.760009765625,0.990726172924042,1.31130218505859e-05,5.36441802978516e-07,9.4959888458252,1.34780502319336,1.61038208007812,2.5390625
"57","2022-05-23",273.98,274.35,-8.2,-7,109.8,273.982421875,1.00000190734863,0.000236988067626953,0,13.4706726074219,0.0323715209960938,2.60347366333008,94.9525833129883
"58","2022-05-23 06:00:00",273.94,274.61,-15.9,-11.8,101.5,273.9375,0.996492803096771,0.000329017639160156,0,12.9464292526245,0.0255413055419922,4.76995086669922,82.9294967651367
"59","2022-05-23 12:00:00",273.4,274,-15.6,-13.3,29.7,273.394622802734,1.00000393390656,0.000365018844604492,0,11.8587446212769,0.480018615722656,8.90184020996094,0
"60","2022-05-23 18:00:00",273.23,273.36,-5.8,-4.3,8.4,273.2314453125,1.00000357627869,4.81605529785156e-05,4.45544719696045e-06,13.3564395904541,0.720718383789062,11.7693862915039,1.3046875
"61","2022-05-24",273.66,274.24,-16.9,-15.5,64.3,273.65625,1.00000238418579,0.000338554382324219,0,14.4982423782349,1.22981452941895,6.27069091796875,30.3815860748291
"62","2022-05-24 06:00:00",274.07,274.77,-21.1,-19.8,119.5,274.074462890625,1.00000238418579,2.57492065429688e-05,0,17.4512386322021,0.107656478881836,3.58140182495117,78.4528045654297
"63","2022-05-24 12:00:00",273.18,273.36,-7.6,-5.4,0.4,273.181060791016,1.00000476837158,8.34465026855469e-06,0,13.5783081054688,0.0391044616699219,1.72148132324219,0
"64","2022-05-24 18:00:00",272.09,271.95,0.7,1.7,-3.3,272.08740234375,1.00000560283661,4.76837158203125e-07,0.000105306506156921,11.4512844085693,0.694953918457031,1.49496841430664,3.109375
"65","2022-05-25",273.19,272.11,16,14.4,3.8,273.194580078125,1.00000286102295,6.31809234619141e-06,0.000107690691947937,8.03964138031006,5.17309951782227,5.23467254638672,40.3468894958496
"66","2022-05-25 06:00:00",273.67,273.02,10.2,10.3,64.9,273.66748046875,1.00000238418579,5.96046447753906e-07,7.79628753662109e-05,8.00907421112061,1.11875915527344,1.17034530639648,103.724983215332
"67","2022-05-25 12:00:00",270.7,271.51,-13.1,-7.3,-15.5,270.700866699219,0.987477958202362,0,3.45706939697266e-05,7.19297742843628,0.621299743652344,0.622837066650391,0
"68","2022-05-25 18:00:00",271.02,271.44,-6.4,-2.4,-4.9,271.0166015625,0.986806631088257,0,8.29547643661499e-05,6.08712148666382,0.919628143310547,0.920925140380859,1.96875
"69","2022-05-26",272.68,271.88,12.6,11.3,2.8,272.68359375,1.00000548362732,4.05311584472656e-06,0.000146865844726562,9.12129497528076,8.03866195678711,8.06649017333984,29.6835136413574
"70","2022-05-26 06:00:00",271.99,271.08,15.9,13.8,-10.3,271.98876953125,1.00000405311584,9.5367431640625e-07,0.000388100743293762,9.81232833862305,9.44498062133789,9.55409622192383,26.3870429992676
"71","2022-05-26 12:00:00",268.77,268.82,-1.2,-0.1,-19.1,268.775390625,0.996222198009491,7.15255737304688e-07,5.49852848052979e-06,3.88094830513,3.55356979370117,3.63602066040039,0
"72","2022-05-26 18:00:00",263.2,264.95,-9.3,-3.3,-3.1,263.19775390625,0.970341503620148,3.93390655517578e-06,5.63263893127441e-06,2.45109939575195,0.288106918334961,0.306873321533203,2.9453125
"73","2022-05-27",273.22,269.52,30.5,24.9,9.6,273.223876953125,1.00000417232513,2.02655792236328e-06,4.597008228302e-05,3.64105558395386,1.88381195068359,1.90290832519531,80.9156875610352
"74","2022-05-27 06:00:00",272.45,271.06,18.9,16.6,-2.4,272.446533203125,0.99954479932785,1.19209289550781e-07,0.000259652733802795,7.1977972984314,3.86364555358887,3.90303802490234,46.840648651123
"75","2022-05-27 12:00:00",268.48,269.06,-8.8,-4.7,-16.4,268.483154296875,0.996327459812164,2.38418579101562e-07,1.26659870147705e-06,6.32591009140015,1.1103630065918,1.15282821655273,0
"76","2022-05-27 18:00:00",266.44,269.15,-29.6,-14.7,-2.5,266.444091796875,0.96698385477066,0,0,5.23625612258911,0.100957870483398,0.11787223815918,3.6484375
"77","2022-05-28",272.99,271.49,26.6,23,9.9,272.99462890625,1.00000441074371,1.78813934326172e-06,6.16908073425293e-06,9.31568908691406,0.311836242675781,0.363609313964844,66.5725860595703
"78","2022-05-28 06:00:00",272.14,271.9,2.1,14.9,-4.6,272.1357421875,0.933489143848419,0,0,8.07700061798096,0.114974975585938,0.163414001464844,107.1142578125
"79","2022-05-28 12:00:00",267.09,268.66,-11.8,-6.8,-25.3,267.089111328125,0.99759316444397,7.15255737304688e-07,1.13248825073242e-06,3.47128987312317,0.0147228240966797,0.0231552124023438,0
"80","2022-05-28 18:00:00",263.74,266.22,-16.5,-7.6,3.2,263.738037109375,0.987950026988983,4.76837158203125e-07,2.42888927459717e-06,3.11946821212769,0.0224800109863281,0.0326309204101562,3.484375
"81","2022-05-29",271.59,269.31,25,20,12,271.587646484375,0.995593965053558,2.38418579101562e-07,0.000163927674293518,5.38010740280151,3.50620460510254,3.52988433837891,82.5397262573242
"82","2022-05-29 06:00:00",273.2,270.53,11.7,10.5,7.9,273.196044921875,0.986498296260834,0,6.78300857543945e-05,1.75679624080658,4.32736015319824,4.33669662475586,62.6761016845703
"83","2022-05-29 12:00:00",269.52,267.37,11,8.2,-32,269.523681640625,0.982868373394012,4.76837158203125e-06,4.22447919845581e-06,2.20392799377441,3.07710266113281,3.093017578125,0
"84","2022-05-29 18:00:00",267.4,268.89,-31.9,-18.2,-3,267.396728515625,0.994250595569611,1.19209289550781e-07,2.33948230743408e-06,9.88128471374512,0.310789108276367,0.331241607666016,3.515625
"85","2022-05-30",273.2,272.87,4.9,14.7,11.2,273.197509765625,0.968783974647522,0,0,11.408561706543,0.391339302062988,0.397178649902344,117.620620727539
"86","2022-05-30 06:00:00",273.59,274.48,-18.5,-9.1,58.3,273.586181640625,0.975801587104797,2.38418579101562e-07,0,10.1719646453857,0.0908126831054688,0.102561950683594,110.637268066406
"87","2022-05-30 12:00:00",273.24,274.01,-16,-14.2,13.1,273.23974609375,1.0000034570694,9.5367431640625e-07,0,9.39237689971924,0.000807285308837891,0.0218124389648438,0
"88","2022-05-30 18:00:00",268.52,272.36,-36.5,-15.2,6.8,268.5185546875,0.894520342350006,0,0,4.62634944915771,0,0.0270614624023438,4.671875
"89","2022-05-31",273.69,274.28,-5.5,9.3,71.9,273.685546875,0.888339579105377,0,0,4.69792938232422,8.91685485839844e-05,0.000957489013671875,105.039070129395
"90","2022-05-31 06:00:00",273.61,274.27,-3.8,-0.9,59.2,273.60791015625,0.970354378223419,4.05311584472656e-05,0,2.81539988517761,0.0049896240234375,0.169807434082031,78.0058746337891
"91","2022-05-31 12:00:00",272.72,274.1,-16.8,-10.4,-1.8,272.719970703125,0.974735736846924,0,0,5.6734414100647,0.0120849609375,1.31376647949219,0
"92","2022-05-31 18:00:00",272.96,274.05,-9,-7.6,1.2,272.958984375,1.00000548362732,0.000101447105407715,0,3.80224537849426,0.00255584716796875,3.78876495361328,4.2265625
"93","2022-06-01",273.84,274.58,-1.7,-1.5,89.4,273.838134765625,1.00000274181366,2.38418579101562e-07,0,1.17854857444763,0.000202178955078125,0.171195983886719,114.867340087891
"94","2022-06-01 06:00:00",273.52,274.41,-5.6,-5.2,46.9,273.517578125,1.00000238418579,0.000407218933105469,0,3.04425978660583,0.0919380187988281,6.35437774658203,32.8256378173828
"95","2022-06-01 12:00:00",273.25,273.86,-4.4,-3.9,10.9,273.245849609375,1.00000429153442,0.000224709510803223,0,3.15991401672363,0.326877593994141,5.22408676147461,0
"96","2022-06-01 18:00:00",273.06,272.81,1.1,1.1,-0.2,273.063720703125,1.00000405311584,4.88758087158203e-06,9.48905944824219e-05,3.66862416267395,1.82631874084473,4.35716247558594,2.96875
"97","2022-06-02",273.76,273.47,2,2,78.7,273.755615234375,1.00000238418579,1.49011611938477e-05,0,3.28578186035156,1.97157001495361,4.47888946533203,84.8498992919922
"98","2022-06-02 06:00:00",273.59,273.7,-1.1,-0.8,55.5,273.593505859375,1.0000022649765,4.9591064453125e-05,0,4.2689323425293,0.0143585205078125,1.13229370117188,54.0579376220703
"99","2022-06-02 12:00:00",273.19,273.38,-1.7,-1.4,3.8,273.187255859375,1.00000524520874,5.91278076171875e-05,0,2.98612236976624,0.900857925415039,3.7477912902832,0
"100","2022-06-02 18:00:00",272.95,272.25,3.9,3.7,-6,272.951416015625,1.00000417232513,7.62939453125e-06,1.2129545211792e-05,3.16049337387085,1.03928184509277,3.57747650146484,3.84375
"101","2022-06-03",273.7,272.84,3.8,3.5,70.3,273.696533203125,1.00000190734863,3.814697265625e-06,1.40666961669922e-05,1.93542814254761,1.32819175720215,2.05067825317383,82.4409637451172
"102","2022-06-03 06:00:00",273.85,274.43,-2.6,-2.4,88.6,273.845703125,1.00000250339508,3.814697265625e-06,0,2.37853980064392,0.152828216552734,0.671737670898438,83.483757019043
"103","2022-06-03 12:00:00",273.23,273.63,-3.2,-2.7,6.6,273.2275390625,1.00000429153442,5.24520874023438e-06,0,3.20175075531006,0.00191879272460938,0.298942565917969,0
"104","2022-06-03 18:00:00",266.04,272.64,-23.1,-12.4,-13.8,266.042724609375,0.917637348175049,0,0,1.72203135490417,0.0095062255859375,0.105354309082031,9.0234375
"105","2022-06-04",273.97,274.4,-2.7,5.5,109.6,273.97412109375,0.922594428062439,0,0,3.65204071998596,0.00254058837890625,0.0289230346679688,201.626846313477
"106","2022-06-04 06:00:00",273.99,274.27,-3,-1.7,108.4,273.992431640625,1.00000202655792,0,0,7.03612899780273,0,0.016204833984375,158.172454833984
"107","2022-06-04 12:00:00",267.53,272.42,-42.6,-8.7,-19.4,267.5302734375,0.781848430633545,0,0,4.24762964248657,0,0,0
"108","2022-06-04 18:00:00",266.26,271.08,-33.5,-7.6,-12.5,266.25830078125,0.801273167133331,0,0,3.37040257453918,0,0,7.8359375
"109","2022-06-05",274.24,273.41,2.4,3.2,147.5,274.24267578125,0.977022707462311,0,0,0.661749482154846,0.000270843505859375,0.00180816650390625,196.376617431641
"110","2022-06-05 06:00:00",274.01,275.14,-5.6,-0.1,112.6,274.010498046875,0.932924270629883,0,0,2.6350085735321,0,0.006317138671875,138.289535522461
"111","2022-06-05 12:00:00",271.49,275.56,-50.3,-14.8,6.4,271.490966796875,0.829135775566101,0,0,6.10272121429443,0,0,0
"112","2022-06-05 18:00:00",271.9,275.73,-52.8,-9,3.4,271.89599609375,0.8024782538414,0,0,6.77547359466553,0,0,8.8203125
"113","2022-06-06",274.56,277.56,-34.6,10.3,187.6,274.564208984375,0.773150384426117,0,0,6.25529670715332,0,0,246.910766601562
"114","2022-06-06 06:00:00",274.33,279.31,-40.4,24.6,152.3,274.32861328125,0.55665796995163,0,0,4.27096128463745,0,0,220.377883911133
"115","2022-06-06 12:00:00",271.4,278.87,-47.9,-2.5,-12.8,271.39599609375,0.606204509735107,0,0,3.2412109375,0,0,0
"116","2022-06-06 18:00:00",271.13,281.81,-74,-6.1,43.2,271.125,0.507739365100861,0,0,3.57310700416565,0,0,11.8125
"117","2022-06-07",274.82,277.49,-34.4,6.8,221.2,274.821044921875,0.817431151866913,0,0,7.20372676849365,0,0,254.419952392578
"118","2022-06-07 06:00:00",274.66,278.58,-36.2,-10.3,194.3,274.65771484375,0.831896007061005,0,0,4.99781656265259,0,0,187.792861938477
"119","2022-06-07 12:00:00",273.67,276.3,-46.2,-39.5,66.7,273.6748046875,0.980686187744141,1.04904174804688e-05,0,9.00228118896484,0,0.00388717651367188,0
"120","2022-06-07 18:00:00",273.43,276.43,-22.6,-14.6,36.5,273.4296875,0.935993373394012,0,0,3.78755044937134,0,0.033782958984375,5.7265625
"121","2022-06-08",274.79,275.89,-8.3,-4.7,215.5,274.78564453125,0.978944599628448,0,0,4.78809452056885,0,2.51372528076172,266.495300292969
"122","2022-06-08 06:00:00",274.77,276.66,-7.3,-7.8,208.6,274.765380859375,1.00000214576721,1.43051147460938e-06,0,2.23117685317993,0,3.10971832275391,219.726196289062
"123","2022-06-08 12:00:00",269.42,275.8,-16.4,-14.5,-24.7,269.424072265625,1.000004529953,0,0,1.2960045337677,0,0.013275146484375,0
"124","2022-06-08 18:00:00",271.35,274.39,-6.1,-5.3,-2.3,271.347900390625,1.00000286102295,3.33786010742188e-06,0,0.947999835014343,0.000408172607421875,0.0760231018066406,11.9296875
"125","2022-06-09",274.98,277.61,-14.5,-4.4,240.4,274.977783203125,0.893342852592468,0,0,3.13606953620911,0,0.0896377563476562,291.357025146484
"126","2022-06-09 06:00:00",274.77,278.33,-23.9,-13.7,208,274.767578125,0.903398334980011,0,0,3.68284058570862,0,0.0248947143554688,194.169052124023
"127","2022-06-09 12:00:00",273.5,276.65,-26.9,-27.5,44,273.5,1.00000369548798,7.15255737304688e-07,0,4.30657196044922,0,0.00135040283203125,0
"128","2022-06-09 18:00:00",273.56,275.8,-20,-19.8,51,273.560791015625,1.00000405311584,1.66893005371094e-06,0,4.48503684997559,0,0.0160751342773438,8.9296875
"129","2022-06-10",275.12,276.39,-10.7,-10.5,258.4,275.1181640625,1.0000022649765,2.38418579101562e-07,0,5.53779888153076,0,0.346359252929688,288.700927734375
"130","2022-06-10 06:00:00",275.01,276.81,-21,-21.1,239.7,275.013671875,1.00000214576721,0,0,7.00539493560791,0,0.0926132202148438,258.398193359375
"131","2022-06-10 12:00:00",273.53,274.74,-20.5,-19.3,46.3,273.533203125,1.00000381469727,5.48362731933594e-06,0,8.35678577423096,0,0.187263488769531,0
"132","2022-06-10 18:00:00",273.32,273.65,-6.4,-5.5,20.5,273.325439453125,1.00000524520874,3.1590461730957e-06,0,8.02400207519531,0,0.184608459472656,7.28125
"133","2022-06-11",274.86,275.29,-3.6,-3.5,223.1,274.855712890625,1.00000286102295,2.16960906982422e-05,0,9.34037971496582,0.000270843505859375,0.327507019042969,223.939895629883
"134","2022-06-11 06:00:00",274.46,275.15,-8.1,-7.9,168.5,274.455810546875,1.00000143051147,5.00679016113281e-06,0,7.55750274658203,0,0.305595397949219,156.390991210938
"135","2022-06-11 12:00:00",273.37,273.86,-12.6,-11.1,25.3,273.365478515625,1.00000429153442,7.22408294677734e-05,0,11.2509346008301,0.00907039642333984,1.98410797119141,0
"136","2022-06-11 18:00:00",273.4,273.93,-13.5,-12,30,273.39697265625,1.00000476837158,9.89437103271484e-05,0,11.5288305282593,0.0102958679199219,3.52447509765625,2.828125
"137","2022-06-12",273.57,273.76,-3.5,-2.9,52.4,273.568115234375,1.00000309944153,0.000677108764648438,2.36630439758301e-05,8.13364028930664,1.19254684448242,11.1587905883789,46.1458168029785
"138","2022-06-12 06:00:00",273.4,273.25,1.6,1.9,29.1,273.396728515625,1.00000202655792,3.64780426025391e-05,0.00039200484752655,9.57742214202881,2.47289657592773,13.3651695251465,33.3675804138184
"139","2022-06-12 12:00:00",272.65,272.42,1.6,1.8,-4.4,272.64892578125,1.00000441074371,1.66893005371094e-06,0.000291138887405396,6.66181707382202,11.718864440918,13.8712348937988,0
"140","2022-06-12 18:00:00",271.89,271.62,2.5,2.6,-3.3,271.88671875,1.00000548362732,7.39097595214844e-06,1.70767307281494e-05,7.77624273300171,1.88467979431152,2.3763313293457,2.8359375
"141","2022-06-13",273.52,273.28,3.1,3.2,48.2,273.524658203125,1.00000238418579,1.00135803222656e-05,0,7.42933511734009,0.863967895507812,1.10142135620117,56.5958366394043
"142","2022-06-13 06:00:00",273.45,273.95,-7.2,-6.4,37.3,273.454345703125,1.00000214576721,0.000233650207519531,0,6.68507719039917,0.537683486938477,1.89703369140625,22.7141532897949
"143","2022-06-13 12:00:00",273.22,273.42,-3.6,-3,7.2,273.217041015625,1.000004529953,2.36034393310547e-05,0,5.99266624450684,0.0539798736572266,2.00393676757812,0
"144","2022-06-13 18:00:00",273.18,273.14,-0.7,-0.3,2.4,273.179931640625,1.00000405311584,2.11000442504883e-05,9.73939895629883e-05,5.20247077941895,2.10037612915039,2.99750518798828,1.515625
"145","2022-06-14",273.49,273.9,-4.3,-3.7,42.8,273.489501953125,1.00000178813934,0.000128746032714844,0,4.75049448013306,0.0638751983642578,2.28647613525391,34.3866653442383
"146","2022-06-14 06:00:00",273.67,274.1,-3.2,-2.9,66.2,273.66845703125,1.00000095367432,1.62124633789062e-05,0,3.73210668563843,0.00620937347412109,2.25021743774414,59.9231109619141
"147","2022-06-14 12:00:00",271.61,273.08,-4,-3.3,-22.3,271.60693359375,1.00000476837158,1.66893005371094e-06,0,1.25717878341675,0.00069427490234375,1.12310409545898,0
"148","2022-06-14 18:00:00",268.35,270.94,-5.3,-3.7,18.8,268.353515625,1.00000381469727,2.74181365966797e-06,7.45058059692383e-08,0.745929718017578,0.00154590606689453,0.0427970886230469,7.1953125
"149","2022-06-15",274,276.56,-16.7,3.4,117.1,273.994873046875,0.807787835597992,0,0,3.37325143814087,0.00610256195068359,0.071044921875,115.233215332031
"150","2022-06-15 06:00:00",274.13,275.8,-6.6,-5.6,126.1,274.125,0.990571677684784,0,0,2.1051025390625,0.00166130065917969,0.00981903076171875,164.734558105469
"151","2022-06-15 12:00:00",273.3,274.46,-6,-5.4,14.9,273.2998046875,1.00000405311584,0.000135421752929688,0,2.43412947654724,0.0004425048828125,0.50274658203125,0
"152","2022-06-15 18:00:00",273.26,273.86,-4,-3.6,14.4,273.264404296875,1.00000464916229,2.81333923339844e-05,0,2.97797226905823,0,0.672035217285156,4.2109375
"153","2022-06-16",273.72,274.96,-9,-8.5,73.9,273.7177734375,1.00000238418579,3.33786010742188e-05,0,3.65115284919739,0,0.437698364257812,52.3212776184082
"154","2022-06-16 06:00:00",274.13,276.01,-12.7,-12.8,127.7,274.134521484375,1.00000154972076,8.58306884765625e-06,0,3.59159231185913,0,0.468017578125,97.7364196777344
"155","2022-06-16 12:00:00",273.56,276.3,-20.3,-20.4,51.7,273.556884765625,1.00000262260437,2.86102294921875e-06,0,3.71922135353088,0,0.179882049560547,0
"156","2022-06-16 18:00:00",272.65,274.76,-19.7,-18,-4.2,272.652099609375,1.00000333786011,7.15255737304688e-07,0,4.47210836410522,0,0.0841293334960938,12.078125
"157","2022-06-17",274.11,276.32,-29,-8.9,125.8,274.11328125,0.907931208610535,0,0,6.93023824691772,0,0.0325050354003906,112.57413482666
"158","2022-06-17 06:00:00",274.13,276.1,-43.7,-43.9,125.8,274.128662109375,1.00000190734863,0.000303030014038086,0,11.7939310073853,0,5.55638122558594,28.8325595855713
"159","2022-06-17 12:00:00",273.74,276.26,-34.5,-35.2,74.9,273.741455078125,1.00000429153442,5.62667846679688e-05,0,7.0184178352356,0,7.89574432373047,0
"160","2022-06-17 18:00:00",271.86,271.48,4.6,4.4,-4.9,271.862548828125,1.000004529953,3.814697265625e-06,1.07735395431519e-05,8.37531566619873,0.0557823181152344,2.35966491699219,6.375
"161","2022-06-18",273.52,272.59,20.7,19,47.4,273.516357421875,1.00000190734863,9.5367431640625e-06,1.2129545211792e-05,11.6321353912354,1.48495864868164,2.60630798339844,92.4942474365234
"162","2022-06-18 06:00:00",272.4,271.95,6,6.1,-1.6,272.399658203125,1.00000107288361,4.76837158203125e-07,0.000565797090530396,8.66540813446045,17.0782775878906,17.2098541259766,15.7219915390015
"163","2022-06-18 12:00:00",271.63,271.42,2.1,2.5,-6,271.6259765625,1.00000429153442,2.62260437011719e-06,8.76188278198242e-06,10.7871494293213,12.2269020080566,12.3454818725586,0
"164","2022-06-18 18:00:00",271.61,271.79,-4,-2.3,1.1,271.61181640625,1.00000476837158,2.38418579101562e-07,4.35113906860352e-06,6.88559627532959,1.19339942932129,1.24443817138672,2.8046875
"165","2022-06-19",273.34,272.99,3.2,5.4,24.2,273.339599609375,0.988421320915222,4.76837158203125e-07,5.03286719322205e-05,5.75216341018677,0.66322135925293,0.670658111572266,53.8306007385254
"166","2022-06-19 06:00:00",273.54,275.39,-16.5,-1.8,49.2,273.540771484375,0.893189907073975,0,0,4.44458150863647,0.743449211120605,0.771778106689453,116.649421691895
"167","2022-06-19 12:00:00",269.44,274.25,-43,-12,-15.6,269.443603515625,0.805302202701569,0,0,4.41497707366943,0,0.0019683837890625,0
"168","2022-06-19 18:00:00",268.85,275.09,-51.8,-9.5,-0.1,268.852294921875,0.715107381343842,0,0,4.13170003890991,0,0,5.0703125
"169","2022-06-20",273.69,276.03,-14,3.3,71.9,273.68603515625,0.813632786273956,0,0,3.03105235099792,0,0,151.876754760742
"170","2022-06-20 06:00:00",274.06,276.77,-27.2,-20.7,117.5,274.06005859375,0.960970044136047,0,0,5.2593092918396,0,0,135.339477539062
"171","2022-06-20 12:00:00",272.55,273.88,-17,-14,-18.1,272.55322265625,0.999195694923401,0,0,5.98869037628174,0,0.0415420532226562,0
"172","2022-06-20 18:00:00",273.11,273.87,-10.7,-9,23.7,273.111572265625,1.00000500679016,8.34465026855469e-05,0,6.24306917190552,0,0.120307922363281,3.828125
"173","2022-06-21",273.55,274.55,-13.5,-12.6,51,273.548583984375,1.00000309944153,2.24113464355469e-05,0,6.64293003082275,0,0.384292602539062,22.5607051849365
"174","2022-06-21 06:00:00",273.49,274.94,-14.4,-13.7,43,273.49365234375,1.00000250339508,0.000300407409667969,0,4.91802310943604,0,0.851806640625,10.904881477356
"175","2022-06-21 12:00:00",273.34,275.36,-8.1,-7.9,23.1,273.336181640625,1.00000429153442,9.5367431640625e-06,0,1.9676685333252,0,0.849479675292969,0
"176","2022-06-21 18:00:00",273.42,275.16,-11.6,-11.1,35.5,273.41845703125,1.00000405311584,4.76837158203125e-06,0,3.26825618743896,0,0.150703430175781,5.4296875
"177","2022-06-22",274.36,274.51,-0.2,0.1,157.3,274.364990234375,1.00000357627869,1.66893005371094e-06,0,7.23492431640625,0,0.1610107421875,178.477203369141
"178","2022-06-22 06:00:00",274.13,275.51,-26.8,-26.6,126.7,274.131103515625,1.00000166893005,6.67572021484375e-06,0,10.5034503936768,0,0.0669937133789062,69.8308868408203
"179","2022-06-22 12:00:00",273.81,275.59,-40.2,-39.8,84.1,273.81005859375,1.00000488758087,2.45571136474609e-05,0,11.6729402542114,0,0.33477783203125,0
"180","2022-06-22 18:00:00",273.91,275.85,-45.7,-45.9,97.4,273.9111328125,1.00000596046448,1.71661376953125e-05,0,12.2772655487061,0,1.36161804199219,0.96875
"181","2022-06-23",275.2,277.11,-32,-34.9,267.3,275.201904296875,1.00000357627869,9.5367431640625e-07,0,10.1278476715088,0,1.09712219238281,249.753616333008
"182","2022-06-23 06:00:00",275.28,278.62,-51.4,-60.5,274.5,275.283203125,1.00000190734863,4.76837158203125e-06,0,8.73883628845215,0,0.0472412109375,153.490829467773
"183","2022-06-23 12:00:00",273.91,277.76,-56,-60.8,95.4,273.912353515625,1.00000476837158,1.43051147460938e-06,0,7.55164813995361,0,0.0514984130859375,0
"184","2022-06-23 18:00:00",273.29,279.15,-61.8,-15.1,18,273.294921875,0.738256096839905,0,0,5.35902833938599,0,0.00269317626953125,12.375
"185","2022-06-24",275.25,280.55,-58.9,-1,273.5,275.2470703125,0.713366806507111,0,0,6.09625911712646,0,0.00257110595703125,275.112121582031
"186","2022-06-24 06:00:00",275.84,282.17,-108.3,-53.4,348.9,275.83642578125,0.795000314712524,0,0,9.56445693969727,0,0,249.389038085938
"187","2022-06-24 12:00:00",274.04,279.69,-155.1,-29.2,110.1,274.04248046875,0.732914865016937,0,0,14.3367862701416,0,0,0
"188","2022-06-24 18:00:00",274.25,277.73,-93.7,-99,142.2,274.247802734375,1.00000500679016,0,0,14.2430238723755,0,0,13.2578125
"189","2022-06-25",276.2,279.48,-64.7,-81,394.7,276.19677734375,1.00000309944153,1.07288360595703e-06,0,11.9486837387085,0,0.0361595153808594,264.132751464844
"190","2022-06-25 06:00:00",275.43,280.92,-83.9,-82.7,291.9,275.4326171875,0.944460153579712,0,0,8.4493579864502,0,0.0589485168457031,143.118270874023
"191","2022-06-25 12:00:00",274.25,280.47,-87.9,-83.9,139.2,274.24755859375,0.941852390766144,0,0,7.43450784683228,0,1.00433349609375,0
"192","2022-06-25 18:00:00",274.22,278.22,-67.4,-70.9,135.2,274.223876953125,0.999562680721283,0,0,8.85163402557373,0,0.400009155273438,9.921875
"193","2022-06-26",275.98,279.72,-57.3,-69.9,369.9,275.9765625,1.00000274181366,0,0,8.94048309326172,0,0.0568771362304688,292.047485351562
"194","2022-06-26 06:00:00",276.11,280.44,-80.3,-104,381.7,276.112060546875,1.00000202655792,1.9073486328125e-06,0,10.7821865081787,0,0.742515563964844,226.509704589844
"195","2022-06-26 12:00:00",274.65,278.54,-77.2,-88.3,184.5,274.6513671875,1.00000357627869,0.000100851058959961,0,10.6718034744263,0,10.6335754394531,0
"196","2022-06-26 18:00:00",274.37,277.89,-65,-71.7,153.8,274.373779296875,1.00000596046448,4.05311584472656e-06,0,9.79959487915039,0,2.80436706542969,10.8828125
"197","2022-06-27",274.21,277.16,-49.5,-52.3,136.2,274.21240234375,1.00000333786011,0.00056159496307373,0,8.84633731842041,0,6.25248336791992,18.9090480804443
"198","2022-06-27 06:00:00",275.42,278.57,-38.2,-44.7,295.7,275.41650390625,1.0000022649765,3.814697265625e-06,0,6.94309091567993,0,7.92007827758789,231.864761352539
"199","2022-06-27 12:00:00",273.51,277.53,-14,-14.7,43.4,273.512939453125,1.00000476837158,0.000366687774658203,0,1.75506174564362,0,12.8596115112305,0
"200","2022-06-27 18:00:00",273.52,276.1,-17.5,-17.5,45.7,273.51708984375,1.00000619888306,9.79900360107422e-05,0,3.38078498840332,0,23.0066070556641,1.2890625
"201","2022-06-28",274.39,275.67,-7.4,-7.4,159.2,274.38623046875,1.00000357627869,1.9073486328125e-06,0,3.23273253440857,0,1.77346420288086,155.029098510742
"202","2022-06-28 06:00:00",275.26,278.07,-25.3,-28.5,268,275.2548828125,1.00000262260437,4.76837158203125e-07,0,5.13523387908936,0,0.0564956665039062,278.765991210938
"203","2022-06-28 12:00:00",270.41,276.9,-33.8,-14.7,-18.4,270.4072265625,0.804478347301483,0,0,2.59969878196716,0,0,0
"204","2022-06-28 18:00:00",269.68,276.61,-34.9,-10.1,2.9,269.6806640625,0.734594523906708,0,0,2.51053404808044,0,0,16.9453125
"205","2022-06-29",275.43,278.1,-38.2,-5.8,299.1,275.431640625,0.873797535896301,0,0,8.3166561126709,0,0,345.746398925781
"206","2022-06-29 06:00:00",275.55,280.34,-59.1,-17.9,306.4,275.54736328125,0.804597795009613,0,0,6.83874750137329,0,0,302.231842041016
"207","2022-06-29 12:00:00",273.62,279.71,-79.4,-40.6,58,273.6181640625,0.81557035446167,0,0,6.66859436035156,0,0,0
"208","2022-06-29 18:00:00",273.25,278.38,-64.6,-4,11.6,273.2451171875,0.712040841579437,0,0,6.29134178161621,0,0,15.609375
"209","2022-06-30",275.4,279.06,-54.4,16.1,293.1,275.404296875,0.742326855659485,0,0,8.32316303253174,0,0,325.987701416016
"210","2022-06-30 06:00:00",275.59,281.1,-71.7,-5.4,312.8,275.59423828125,0.720902919769287,0,0,7.17818260192871,0,0,307.474304199219
"211","2022-06-30 12:00:00",273.69,279.98,-93,-37.4,68.7,273.691650390625,0.774264216423035,0,0,7.58811473846436,0,0,0
"212","2022-06-30 18:00:00",273.94,278.79,-91.7,-42,102.1,273.93798828125,0.837590157985687,0,0,9.74285125732422,0,0,14.328125
"213","2022-07-01",276.05,280.25,-50.6,-43.2,376.7,276.05029296875,0.93402373790741,0,0,6.95258283615112,0,0,345.707702636719
"214","2022-07-01 06:00:00",276.06,281.23,-56.2,-74.5,377.1,276.0576171875,1.00000190734863,4.76837158203125e-07,0,6.17507410049438,0,0.0234756469726562,279.976379394531
"215","2022-07-01 12:00:00",274.52,280.14,-96.8,-106.1,170.4,274.51953125,0.986255347728729,0,0,9.14663791656494,0,0,0
"216","2022-07-01 18:00:00",273.79,276.25,-35.2,-35.7,78.7,273.787353515625,1.0000057220459,5.00679016113281e-05,0,7.29052495956421,0,7.63985443115234,1.734375
"217","2022-07-02",274.87,275.65,-6.1,-6.2,222.3,274.87060546875,1.00000286102295,9.05990600585938e-06,0,5.56156349182129,0,5.57164764404297,210.835021972656
"218","2022-07-02 06:00:00",274.55,276.24,-18.1,-18.8,177.7,274.548095703125,1.00000143051147,3.33786010742188e-06,0,5.95669460296631,0,0.30181884765625,136.407363891602
"219","2022-07-02 12:00:00",273.41,275.26,-33.3,-29.2,29.6,273.414794921875,0.99565601348877,3.07559967041016e-05,0,8.84055233001709,0,2.70209503173828,0
"220","2022-07-02 18:00:00",273.5,274.36,-18.8,-17.3,41.8,273.4990234375,1.0000067949295,0.000166416168212891,0,10.503963470459,0,3.76127815246582,2.3671875
"221","2022-07-03",274.25,275.49,-26.6,-25.8,141.7,274.251708984375,1.00000333786011,4.10079956054688e-05,0,11.8122959136963,0,4.5234260559082,89.5270538330078
"222","2022-07-03 06:00:00",273.79,275.37,-24.9,-24.3,79.3,273.788818359375,1.00000202655792,0.000105381011962891,0,8.00435543060303,0,4.60181427001953,25.3972072601318
"223","2022-07-03 12:00:00",273.48,274.74,-17.8,-16.7,39.9,273.48095703125,1.00000500679016,2.62260437011719e-06,0,6.84915733337402,0.0199394226074219,4.27891540527344,0
"224","2022-07-03 18:00:00",273.25,273.77,-6.5,-5.6,11.7,273.254638671875,1.00000548362732,4.76837158203125e-07,0,5.35881042480469,0,0.070526123046875,9.8671875
"225","2022-07-04",274.17,274.68,-6.7,-4.2,131.1,274.1669921875,0.995852589607239,1.00135803222656e-05,0,7.7971830368042,0,0.231113433837891,128.789764404297
"226","2022-07-04 06:00:00",274.15,274.18,0.6,0.8,126,274.144775390625,1.0000022649765,5.24520874023438e-06,0,6.42848443984985,0.120883941650391,2.10029602050781,128.073699951172
"227","2022-07-04 12:00:00",273.23,273.4,-3.8,-3.1,7.7,273.229248046875,1.00000500679016,1.23977661132812e-05,0,7.20581769943237,0.415783882141113,1.60285186767578,0
"228","2022-07-04 18:00:00",273.2,273.19,-1.3,-0.8,5.3,273.20458984375,1.00000500679016,1.59740447998047e-05,1.38282775878906e-05,7.04332637786865,0.357129096984863,0.608657836914062,3.2734375
"229","2022-07-05",273.73,274.23,-7,-6.3,74.4,273.729248046875,1.00000274181366,4.52995300292969e-05,0,7.09861421585083,0.328533172607422,1.15937805175781,60.6765632629395
"230","2022-07-05 06:00:00",273.56,273.39,2.6,2.9,48.9,273.5634765625,1.00000238418579,2.14576721191406e-05,3.05473804473877e-06,9.3536376953125,0.628609657287598,4.48973083496094,55.6247329711914
"231","2022-07-05 12:00:00",272.98,272.88,-0.1,0.4,-1,272.98486328125,1.00000500679016,6.19888305664062e-06,4.61786985397339e-05,9.0696439743042,1.41007804870605,2.95919418334961,0
"232","2022-07-05 18:00:00",272.49,272.37,0.1,0.5,0,272.48779296875,1.0000057220459,3.33786010742188e-06,0.000207222998142242,7.9266357421875,2.27455139160156,2.65028381347656,1.3671875
"233","2022-07-06",273.4,273.22,2.1,2.4,30.4,273.400634765625,1.00000286102295,1.83582305908203e-05,7.83279538154602e-05,8.89738750457764,2.11764907836914,2.51412582397461,35.731071472168
"234","2022-07-06 06:00:00",273.7,274.56,-17.4,-16.3,69.6,273.703369140625,1.00000238418579,0.000125408172607422,0,10.168758392334,1.01169586181641,2.03754425048828,33.074089050293
"235","2022-07-06 12:00:00",273.48,275.94,-15,-15,39.8,273.477783203125,1.00000500679016,0.000455856323242188,0,3.03713345527649,0.143952369689941,8.78287506103516,0
"236","2022-07-06 18:00:00",273.29,273.74,-7.6,-6.6,20.5,273.291015625,1.00000584125519,5.48362731933594e-06,0,7.09217834472656,0.000189781188964844,4.99082946777344,4.390625
"237","2022-07-07",273.97,274.04,-0.5,-0.1,104.3,273.965576171875,1.00000309944153,3.57627868652344e-06,0,8.21285247802734,0.00103759765625,0.341484069824219,105.267707824707
"238","2022-07-07 06:00:00",274.63,276.06,-19.8,-14.9,186.7,274.629638671875,0.983859121799469,0,0,7.93659210205078,0.001251220703125,0.0553817749023438,158.421173095703
"239","2022-07-07 12:00:00",273.38,274.26,-12.1,-11,26.3,273.37646484375,1.00000524520874,1.00135803222656e-05,0,6.34379291534424,0,0.0616912841796875,0
"240","2022-07-07 18:00:00",273.3,274,-8,-7.1,17.6,273.297607421875,1.00000596046448,2.78949737548828e-05,0,5.04873609542847,0.0279502868652344,0.4393310546875,0.984375
"241","2022-07-08",273.83,274.62,-11.6,-10.8,85.9,273.83056640625,1.0000034570694,1.09672546386719e-05,0,7.55856800079346,0,0.589385986328125,61.7247352600098
"242","2022-07-08 06:00:00",273.99,275.22,-25.1,-24.2,105.6,273.989013671875,1.00000286102295,5.7220458984375e-06,0,10.6055784225464,0,0.269607543945312,52.8175315856934
"243","2022-07-08 12:00:00",273.47,274.36,-18.8,-17.2,38.7,273.468505859375,1.00000464916229,1.43051147460938e-05,0,9.97653675079346,0.0004119873046875,1.74174499511719,0
"244","2022-07-08 18:00:00",273.03,272.95,-0.9,-0.2,3.1,273.027587890625,1.00000548362732,1.31130218505859e-05,8.07642936706543e-06,12.5644683837891,1.69027709960938,5.64900207519531,2.296875
"245","2022-07-09",273.46,273.17,5.1,5.2,37.5,273.455322265625,1.00000357627869,2.24113464355469e-05,2.21133232116699e-05,11.1640119552612,0.537895202636719,1.36137390136719,49.4233627319336
"246","2022-07-09 06:00:00",273.46,273.87,-9.1,-7.9,37.9,273.46142578125,1.00000262260437,0.000298261642456055,3.93688678741455e-05,9.89075565338135,5.07184219360352,7.05251312255859,20.2563152313232
"247","2022-07-09 12:00:00",273.16,273.04,0.1,0.5,-1,273.157958984375,1.00000500679016,7.15255737304688e-06,1.20997428894043e-05,6.72653675079346,4.07865905761719,9.11356735229492,0
"248","2022-07-09 18:00:00",272.96,272.77,0.4,0.5,0.1,272.955810546875,1.00000536441803,4.76837158203125e-06,1.07288360595703e-05,2.66383242607117,0.871685028076172,1.85581588745117,1.9453125
"249","2022-07-10",274.21,274.71,-3.4,-1.8,136.2,274.214111328125,0.993976235389709,0,0,4.17076301574707,0.28363037109375,0.485687255859375,154.22248840332
"250","2022-07-10 06:00:00",274.17,277.69,-24.3,-10.6,126.7,274.169677734375,0.877748727798462,0,0,3.57624626159668,0,0.0179481506347656,162.875869750977
"251","2022-07-10 12:00:00",270.86,276.14,-15.7,-9.3,-36.3,270.85888671875,0.894916892051697,0,0,1.46157777309418,0,0.0022125244140625,0
"252","2022-07-10 18:00:00",269.26,276.8,-21.7,-9.6,-13.5,269.260009765625,0.79135662317276,0,0,1.43206167221069,0,0,4.796875
"253","2022-07-11",274.35,278.87,-17.5,-8.8,153.9,274.352783203125,0.859622120857239,0,0,2.02438187599182,0,0.00373077392578125,201.036697387695
"254","2022-07-11 06:00:00",274.65,279.91,-33.8,-35.3,187.6,274.652587890625,0.977083802223206,0,0,3.39565920829773,0,0,175.422515869141
"255","2022-07-11 12:00:00",273.23,279.94,-38.8,-16,8.7,273.23193359375,0.765278100967407,0,0,2.90836071968079,0,0,0
"256","2022-07-11 18:00:00",273.43,278.47,-85.6,-2.1,35.2,273.432861328125,0.707601428031921,0,0,8.51643371582031,0,0,5.828125
"257","2022-07-12",274.46,278.11,-46.4,-34.9,164.7,274.462646484375,0.938174188137054,0,0,6.69926261901855,0,0,101.945541381836
"258","2022-07-12 06:00:00",274.73,278.83,-66.7,-77.3,200.1,274.72705078125,1.00000190734863,2.95639038085938e-05,0,8.68969058990479,0,0.0353546142578125,42.9648818969727
"259","2022-07-12 12:00:00",273.92,277.31,-41.7,-44.4,95.6,273.919677734375,1.00000286102295,0.000135898590087891,0,6.30550765991211,0,2.20576477050781,0
"260","2022-07-12 18:00:00",273.26,273.76,-8.1,-7,11.7,273.2626953125,1.00000369548798,2.86102294921875e-06,0,6.855881690979,0,1.16011047363281,5.1640625
"261","2022-07-13",274.16,275.03,-13.1,-12.3,129,274.157958984375,1.00000262260437,4.76837158203125e-06,0,8.28416538238525,0,0.0969619750976562,104.312995910645
"262","2022-07-13 06:00:00",273.86,274.53,-14.6,-13.6,91.2,273.855712890625,1.00000143051147,4.1961669921875e-05,0,11.322603225708,0.142470359802246,2.18349456787109,62.9005470275879
"263","2022-07-13 12:00:00",273.54,274.67,-22.6,-21.1,46.6,273.53759765625,1.00000357627869,0.000166416168212891,0,9.67430210113525,0.140643119812012,2.88983917236328,0
"264","2022-07-13 18:00:00",273.41,274.17,-14.9,-13.5,31.3,273.411376953125,1.00000381469727,0.000478744506835938,0,9.07316589355469,0.0784530639648438,4.87059783935547,0.8515625
"265","2022-07-14",273.55,273.56,-0.6,-0.3,49.9,273.550537109375,1.00000238418579,9.05990600585938e-05,9.63211059570312e-05,6.58870410919189,1.68703651428223,6.75632476806641,50.0637016296387
"266","2022-07-14 06:00:00",273.6,273.25,3.8,3.7,54.1,273.6015625,1.00000143051147,6.67572021484375e-06,7.80671834945679e-05,5.80629110336304,1.47878837585449,4.16536712646484,65.4158325195312
"267","2022-07-14 12:00:00",267.36,271.06,-26.1,-15.5,-25.1,267.356201171875,0.973927319049835,0,0,3.37819814682007,0.553537368774414,1.19472503662109,0
"268","2022-07-14 18:00:00",265.98,269.06,-26.2,-15.7,-5.4,265.982177734375,1.00000321865082,7.15255737304688e-07,1.05798244476318e-06,4.03284120559692,0.00160408020019531,0.0028533935546875,4.9609375
"269","2022-07-15",273.59,272.73,10.3,9.5,56.4,273.591552734375,1.00000333786011,5.24520874023438e-06,2.88262963294983e-05,6.01161623001099,0.435836791992188,0.551445007324219,81.3038711547852
"270","2022-07-15 06:00:00",273.97,275.03,-7.2,-0.4,102.2,273.97412109375,0.939806282520294,0,0,3.59769678115845,1.8659553527832,2.09834289550781,180.668975830078
"271","2022-07-15 12:00:00",272.56,272.49,-0.2,0,-4.6,272.564208984375,1.00000429153442,3.33786010742188e-06,1.14738941192627e-06,2.54928302764893,3.73888874053955,4.33589935302734,0
"272","2022-07-15 18:00:00",270.79,270.8,-0.8,-0.1,-18.7,270.79345703125,0.999470710754395,5.00679016113281e-06,1.16229057312012e-06,3.24662709236145,0.209151268005371,0.829963684082031,2.3359375
"273","2022-07-16",273.57,273.8,-3.2,3.2,55.4,273.574462890625,0.967761397361755,0,0,6.14039850234985,0.00397682189941406,0.0481033325195312,142.817260742188
"274","2022-07-16 06:00:00",273.88,275.12,-16.9,-14.3,89.8,273.87646484375,0.995912551879883,5.7220458984375e-06,0,6.94132614135742,0.000452995300292969,0.0172119140625,58.994197845459
"275","2022-07-16 12:00:00",272.86,273.25,-3.4,-2.8,-9.4,272.8623046875,1.0000034570694,1.43051147460938e-06,0,3.38265609741211,0.00918006896972656,0.53839111328125,0
"276","2022-07-16 18:00:00",272.03,272.86,-9.7,-6.6,-0.3,272.0322265625,0.993885278701782,9.5367431640625e-07,8.33049416542053e-05,5.10630226135254,0.98170280456543,1.02519226074219,1.3515625
"277","2022-07-17",273.58,274.85,-20.2,-19,53.9,273.582275390625,1.00000238418579,5.96046447753906e-05,0,7.73776006698608,0.00644302368164062,3.16079711914062,11.6563301086426
"278","2022-07-17 06:00:00",274.05,276.42,-45.4,-46.5,112,274.047119140625,1.0000011920929,7.93933868408203e-05,0,9.84047412872314,0,1.41687774658203,15.7219486236572
"279","2022-07-17 12:00:00",274.14,276.67,-57.5,-59.8,123.9,274.140625,1.00000286102295,1.69277191162109e-05,0,11.7977409362793,0,0.91650390625,0
"280","2022-07-17 18:00:00",273.96,276.68,-43.4,-44.9,97.8,273.96044921875,1.00000262260437,0.00032806396484375,0,8.16240882873535,0,2.42478942871094,0.5234375
"281","2022-07-18",274.66,277.75,-62.2,-68.8,188.6,274.65576171875,1.00000214576721,8.10623168945312e-06,0,10.7594289779663,0,6.95866775512695,48.5754737854004
"282","2022-07-18 06:00:00",274.92,278.17,-65.4,-74.3,219.3,274.91552734375,1.00000095367432,2.14576721191406e-06,0,10.8817510604858,0,0.119911193847656,70.5833892822266
"283","2022-07-18 12:00:00",273.68,276.15,-30.3,-30.3,63.9,273.68408203125,1.00000262260437,2.86102294921875e-06,0,6.11454391479492,0,0.03717041015625,0
"284","2022-07-18 18:00:00",272.23,276.73,-38.4,-17.5,-4.4,272.22509765625,0.856966614723206,0,0,4.17823791503906,0,0.0067291259765625,2.625
"285","2022-07-19",275.28,280.77,-47.9,-38.5,269.8,275.27685546875,0.901704847812653,0,0,4.69355916976929,0,0.00930023193359375,238.975280761719
"286","2022-07-19 06:00:00",275.83,283.44,-93.8,-77.4,335.3,275.83056640625,0.851700901985168,0,0,6.69158983230591,0,0,196.473693847656
"287","2022-07-19 12:00:00",274.84,283.09,-176.5,-48,213.4,274.8427734375,0.665606081485748,0,0,11.2680540084839,0,0.0135650634765625,0
"288","2022-07-19 18:00:00",273.99,281.62,-130.8,9.5,105.3,273.994873046875,0.565906524658203,0,0,8.7903003692627,0,0.0172348022460938,2.0703125
"289","2022-07-20",275.46,281.45,-91.4,-13.7,290.9,275.46435546875,0.716311037540436,0,0,8.20112323760986,0,0,211.831008911133
"290","2022-07-20 06:00:00",276.33,283.72,-123.5,-127.3,411.2,276.32568359375,0.907365500926971,0,0,9.16157722473145,0,0,169.451965332031
"291","2022-07-20 12:00:00",274.86,280.68,-82.7,-103.3,208.8,274.8623046875,1.00000309944153,0.000445842742919922,0,7.47144412994385,0,13.4599304199219,0
"292","2022-07-20 18:00:00",274.19,279.45,-51.5,-60.1,122.6,274.1865234375,1.00000512599945,9.22679901123047e-05,0,5.01627492904663,0,9.47214508056641,0.1328125
"293","2022-07-21",275.13,279.2,-30.4,-14.4,244.2,275.132568359375,0.86590838432312,0,0,3.98130440711975,0,0.598495483398438,291.201599121094
"294","2022-07-21 06:00:00",275.4,280.54,-47.8,-42.4,270.8,275.399169921875,0.928331792354584,0,0,4.9603066444397,0,0.0758743286132812,260.688262939453
"295","2022-07-21 12:00:00",271.16,277.37,-29.6,-20.5,-21.3,271.156982421875,0.906696140766144,0,0,2.33267521858215,0,0.00316619873046875,0
"296","2022-07-21 18:00:00",270.66,276.69,-48.5,-12.6,-10.3,270.659912109375,0.747700095176697,0,0,3.92474007606506,0,0,2.09375
"297","2022-07-22",275.4,280.31,-46.8,-17.6,279.9,275.40380859375,0.813936650753021,0,0,5.07975816726685,0,0.0011749267578125,304.208709716797
"298","2022-07-22 06:00:00",275.25,282.87,-37.5,-15.1,251.3,275.251220703125,0.727358460426331,0,0,2.58451247215271,0,0.002227783203125,266.946868896484
"299","2022-07-22 12:00:00",274,279.35,-81.2,-72.9,101.2,273.997314453125,0.945576846599579,0,0,7.65133953094482,0,0,0
"300","2022-07-22 18:00:00",274.04,277.86,-41.4,-45,105.1,274.03515625,1.00000476837158,2.38418579101562e-06,0,5.4452862739563,0,0.02789306640625,0.625
"301","2022-07-23",275.33,278.05,-24.4,-26,265.8,275.33349609375,0.998735964298248,0,0,4.91446685791016,0,1.30918121337891,244.618606567383
"302","2022-07-23 06:00:00",275.29,279.38,-35.1,-42.2,255.1,275.293701171875,1.00000369548798,1.9073486328125e-06,0,4.54144620895386,0,0.0296249389648438,168.688049316406
"303","2022-07-23 12:00:00",273.2,275.66,-20.1,-19.4,3,273.1982421875,1.00000584125519,4.76837158203125e-07,0,3.84750437736511,0,0.122787475585938,0
"304","2022-07-23 18:00:00",268.71,277.33,-22.2,-3.3,-22.4,268.71044921875,0.613179624080658,0,0,1.25572395324707,0,0.0803985595703125,0.8359375
"305","2022-07-24",274.74,277.7,-36.2,10.4,191.6,274.73828125,0.774280071258545,0,0,6.30855178833008,0,0.0139732360839844,187.845916748047
"306","2022-07-24 06:00:00",274.54,277.38,-58.9,-63.1,162.5,274.5390625,1.00000166893005,3.57627868652344e-05,0,10.5808906555176,0,2.55183029174805,25.8256664276123
"307","2022-07-24 12:00:00",274.23,277.6,-53.6,-58.3,123.7,274.22998046875,1.00000417232513,8.10623168945312e-06,0,7.97149801254272,0,2.49535369873047,0
"308","2022-07-24 18:00:00",274.18,276.86,-57.7,-58,122,274.18115234375,1.00000512599945,5.24520874023438e-06,0,10.7142419815063,0,2.15380096435547,0.046875
"309","2022-07-25",274.62,278.36,-56.5,-64.2,155.1,274.616943359375,1.00000381469727,0.000239849090576172,0,7.64870357513428,0,5.43893432617188,18.9006805419922
"310","2022-07-25 06:00:00",275.33,278.66,-52.2,-61.4,254,275.32861328125,1.00000286102295,4.76837158203125e-06,0,8.156907081604,0,3.67849731445312,128.451751708984
"311","2022-07-25 12:00:00",273.84,276.08,-33.2,-33.5,72.5,273.839111328125,1.0000057220459,6.38961791992188e-05,0,7.09542798995972,0,8.339599609375,0
"312","2022-07-25 18:00:00",273.47,274.31,-16.2,-14.8,32.9,273.466064453125,1.00000596046448,4.64916229248047e-05,0,8.41877269744873,0,5.29596710205078,0
"313","2022-07-26",273.75,274.76,-17.6,-16.6,64.4,273.75,1.00000381469727,0.000574111938476562,0,8.00721073150635,0.0674252510070801,5.62517547607422,27.8839950561523
"314","2022-07-26 06:00:00",273.84,275.62,-22.4,-22,73.3,273.842041015625,1.00000381469727,0.000136852264404297,0,5.90305280685425,0,11.0418472290039,23.7416706085205
"315","2022-07-26 12:00:00",273.46,274.64,-14.8,-13.7,32.2,273.46435546875,1.0000057220459,0.000153303146362305,0,5.62722253799438,0,5.91152954101562,0
"316","2022-07-26 18:00:00",272.21,273.23,-8.7,-4.7,-10.3,272.211669921875,0.978003799915314,0,0,3.59567832946777,0.000330924987792969,1.14621734619141,0
"317","2022-07-27",275.1,274.49,6.2,10.1,212.7,275.099609375,0.968295753002167,2.38418579101562e-07,0,3.76867890357971,0.00395488739013672,0.188133239746094,271.467987060547
"318","2022-07-27 06:00:00",274.96,276.65,-11.8,-7.5,174.8,274.95703125,0.963610172271729,0,0,3.3465735912323,0,0.00478363037109375,161.616180419922
"319","2022-07-27 12:00:00",270.17,274.23,-26.1,-15.1,-36.2,270.169921875,0.928990244865417,0,0,2.81946563720703,0,0.00160980224609375,0
"320","2022-07-27 18:00:00",270.07,272.57,-22.2,-2.5,-47.9,270.067138671875,0.855657458305359,0,0,3.78670048713684,0,0,0
"321","2022-07-28",275.75,276.52,-6.4,-1.9,263.2,275.75341796875,0.974353134632111,0,0,4.52299404144287,0.000279426574707031,0.0211620330810547,343.359191894531
"322","2022-07-28 06:00:00",276.14,280.13,-9.6,0.8,240.9,276.13623046875,0.745516836643219,0,0,1.04094672203064,0,0,312.268585205078
"323","2022-07-28 12:00:00",272.02,279.32,-24.3,-11.2,-23.3,272.017822265625,0.7818643450737,0,0,1.34511148929596,0,0,0
"324","2022-07-28 18:00:00",272.17,278.58,-31.5,-7.3,-12.4,272.1708984375,0.71985387802124,0,0,1.95029497146606,0,0,0
"325","2022-07-29",277.53,279.14,-20.2,28.3,277.3,277.52783203125,0.758929312229156,0,0,4.70915937423706,0,0.0081787109375,374.802398681641
"326","2022-07-29 06:00:00",285.83,283.27,29.8,112.4,117.3,285.828857421875,0.758196711540222,0,0,3.10950756072998,0,0,368.711547851562
"327","2022-07-29 12:00:00",274.77,279.25,-32.4,-1.4,-27.6,274.76953125,0.739994466304779,0,0,2.1535382270813,0,0,0
"328","2022-07-29 18:00:00",274.77,276.89,-49.3,-7.8,20.4,274.768310546875,0.884037911891937,0,0,6.68389749526978,0,0,0
"329","2022-07-30",281.96,279.48,68.2,115.6,125.3,281.9560546875,0.822039604187012,0,0,8.36788082122803,0,0,418.946990966797
"330","2022-07-30 06:00:00",286.5,282.29,82.9,14.1,148.8,286.50341796875,0.745805740356445,0,0,5.54494953155518,0,0,346.896453857422
"331","2022-07-30 12:00:00",275.44,276.98,-38.1,-11.5,-20.6,275.4375,0.930500268936157,0,0,6.99153137207031,0,0,0
"332","2022-07-30 18:00:00",276.56,277.18,-16.8,-16.5,33.3,276.559326171875,1.00000536441803,1.9073486328125e-06,0,6.9900336265564,0,0.0577659606933594,0
"333","2022-07-31",279.48,278.61,12.5,0.1,99.9,279.485107421875,0.995913028717041,4.29153442382812e-06,0,4.75762176513672,0,0.239276885986328,115.570022583008
"334","2022-07-31 06:00:00",280.27,279.19,12.8,11.7,6.7,280.272216796875,1.00000238418579,1.52587890625e-05,0,3.72523617744446,0,1.61236572265625,36.8495140075684
"335","2022-07-31 12:00:00",276.51,276.82,-5.8,-5.6,12.4,276.51171875,1.00000464916229,1.43051147460938e-05,0,4.30143642425537,0,4.81931304931641,0
"336","2022-07-31 18:00:00",273.18,272.36,7.5,4.8,-31.1,273.17529296875,1.000004529953,1.9073486328125e-06,0,2.89305210113525,0,0.342185974121094,0
"337","2022-08-01",279.74,275.18,99.8,98.8,100.7,279.73779296875,0.915606260299683,0,0,5.99527597427368,0.00350570678710938,0.0678558349609375,416.508422851562
"338","2022-08-01 06:00:00",281.48,277.02,101.9,51.6,31.8,281.479248046875,0.78477680683136,3.814697265625e-06,0,6.37820959091187,0.00201988220214844,0.099365234375,256.681549072266
"339","2022-08-01 12:00:00",273.71,272.99,7.2,0,-32.3,273.71484375,0.99541038274765,1.9073486328125e-06,1.9371509552002e-07,3.22334933280945,0.000133514404296875,0.260551452636719,0
"340","2022-08-01 18:00:00",272.33,274.15,-27.9,0.1,-0.8,272.32568359375,0.708790183067322,0,0,4.32190799713135,0,0,0
"341","2022-08-02",277.37,276.17,42.6,34.9,95.4,277.373046875,0.962893605232239,5.96046447753906e-05,0,11.479926109314,0,0.566810607910156,208.577941894531
"342","2022-08-02 06:00:00",276.63,276.78,-10.8,7.2,20.8,276.63427734375,0.976625800132751,0.000256061553955078,0,13.1436290740967,0,2.33087158203125,15.7105112075806
"343","2022-08-02 12:00:00",278.65,279.42,-25.7,-29.8,57.9,278.645263671875,1.00000405311584,5.22136688232422e-05,0,9.03808403015137,0,6.37611770629883,0
"344","2022-08-02 18:00:00",278.88,279.42,-19.1,-22.2,43.5,278.8828125,1.00000476837158,1.00135803222656e-05,0,9.15311145782471,0,3.47449111938477,0
"345","2022-08-03",280.27,280.29,-5.3,-7.1,53.2,280.27001953125,1.00000321865082,1.33514404296875e-05,0,13.18532371521,0,6.87979888916016,41.4220771789551
"346","2022-08-03 06:00:00",278.87,279.2,-15.4,-17.7,51.9,278.870361328125,1.00000166893005,0.000180959701538086,0,10.7026538848877,0,18.5192527770996,17.7397575378418
"347","2022-08-03 12:00:00",276.7,277.12,-15.1,-14.9,31.2,276.696533203125,1.00000333786011,5.340576171875e-05,0,8.58306407928467,0,12.1088180541992,0
"348","2022-08-03 18:00:00",276.59,277,-10.6,-10.4,22.4,276.58935546875,1.00000476837158,1.0371208190918e-05,0,6.22879123687744,0,0.812973022460938,0
"349","2022-08-04",278.26,277.36,15.2,16.1,36.8,278.256591796875,1.00000286102295,3.33786010742188e-06,0,5.67650508880615,0,3.69765853881836,71.9751052856445
"350","2022-08-04 06:00:00",279.16,278.27,22.5,25.1,43.2,279.1591796875,1.00000166893005,9.5367431640625e-06,0,8.66143798828125,0,6.75976943969727,95.4859390258789
"351","2022-08-04 12:00:00",274.83,274.63,1.7,1.8,-4.6,274.828125,1.00000238418579,1.07288360595703e-05,0,5.63021993637085,0,4.51109313964844,0
"352","2022-08-04 18:00:00",273.39,273.12,3.6,3.3,-7.8,273.3916015625,1.00000429153442,1.35898590087891e-05,3.07708978652954e-06,6.53975963592529,0.0256915092468262,1.23329925537109,0
"353","2022-08-05",277.67,273.7,74,65.8,62.1,277.66748046875,0.998538911342621,2.38418579101562e-07,1.86264514923096e-08,5.02674531936646,0.0756311416625977,0.289886474609375,237.06184387207
"354","2022-08-05 06:00:00",276.69,274.76,38,16.2,3.2,276.689697265625,0.974443912506104,9.05990600585938e-06,1.16229057312012e-06,5.85277271270752,0.0111846923828125,0.134201049804688,74.9115219116211
"355","2022-08-05 12:00:00",273.31,272.88,7.3,0.6,-10,273.306884765625,0.99956214427948,1.09672546386719e-05,3.54461371898651e-05,6.88803958892822,0.850574493408203,2.15315246582031,0
"356","2022-08-05 18:00:00",273.06,273.01,-1.2,-0.5,0.9,273.06298828125,1.0000057220459,7.62939453125e-06,0.000295266509056091,7.162278175354,4.30470657348633,4.51739501953125,0
"357","2022-08-06",274.23,273.87,5.9,4.1,19.4,274.22802734375,1.00000381469727,0.000114202499389648,5.70714473724365e-06,8.31776428222656,7.06417083740234,7.99073028564453,30.8561630249023
"358","2022-08-06 06:00:00",274.24,273.9,5.2,4.8,17,274.239501953125,1.00000238418579,0.000135898590087891,2.33948230743408e-06,7.77698516845703,3.77075576782227,8.40690612792969,28.2717628479004
"359","2022-08-06 12:00:00",273.22,273.07,0.6,0.8,-2.3,273.214599609375,1.00000405311584,4.52995300292969e-06,3.81842255592346e-07,5.21272230148315,0.128619194030762,1.88945007324219,0
"360","2022-08-06 18:00:00",273.31,273.37,-2.4,-1.6,4.1,273.306640625,1.0000057220459,6.67572021484375e-06,0,5.01036071777344,0.0356988906860352,0.206893920898438,0
"361","2022-08-07",275.3,274.84,6,6.4,53.2,275.298583984375,1.00000333786011,0.000321865081787109,0,5.5876932144165,0.0466804504394531,2.87008285522461,71.9067077636719
"362","2022-08-07 06:00:00",276.66,276.69,-1.9,-1.8,46.8,276.658447265625,1.00000143051147,0.000275611877441406,0,5.16896867752075,0.0494194030761719,7.13185119628906,43.6974678039551
"363","2022-08-07 12:00:00",275.69,276.82,-15.9,-15.5,34.6,275.68701171875,1.00000357627869,2.09808349609375e-05,0,4.16469049453735,0,2.46482467651367,0
"364","2022-08-07 18:00:00",275.15,276.02,-10,-9.1,21.8,275.151611328125,1.00000524520874,1.06096267700195e-05,0,3.19584178924561,0,0.579933166503906,0
"365","2022-08-08",282.66,279.88,27.3,65.2,188.3,282.65576171875,0.837312996387482,0,0,2.45654702186584,0,0.247665405273438,386.984924316406
"366","2022-08-08 06:00:00",285.64,280.93,66.3,82.5,70.6,285.63525390625,0.923951625823975,0,0,3.53799319267273,0,0.0601882934570312,328.692291259766
"367","2022-08-08 12:00:00",277.92,278.72,-10.2,-11.1,23.2,277.917724609375,1.00000357627869,5.48362731933594e-06,0,3.42309522628784,0,0.069183349609375,0
"368","2022-08-08 18:00:00",275.45,277.46,-31.8,-30.2,29.2,275.45068359375,1.000004529953,1.95503234863281e-05,0,4.51860284805298,0,0.0241546630859375,0
"369","2022-08-09",280.44,279.07,27.1,0.1,29.3,280.441650390625,0.988619208335876,5.84125518798828e-06,0,6.21062088012695,0,0.0505447387695312,63.1709136962891
"370","2022-08-09 06:00:00",280.52,279.45,24.9,13.6,68.2,280.51953125,0.999345183372498,3.814697265625e-06,0,7.67762231826782,0,0.863304138183594,111.874725341797
"371","2022-08-09 12:00:00",278.25,278.8,-17.1,-18.7,37.3,278.252685546875,1.00000321865082,8.27312469482422e-05,0,7.88558292388916,0,0.70330810546875,0
"372","2022-08-09 18:00:00",278.45,279.22,-21.3,-23.8,47.7,278.447509765625,1.00000405311584,1.16825103759766e-05,0,7.2946195602417,0,0.90362548828125,0
"373","2022-08-10",281.07,280.74,6.8,0.1,83.3,281.0732421875,1.00000262260437,9.5367431640625e-06,0,9.26334571838379,0,0.373313903808594,91.9817657470703
"374","2022-08-10 06:00:00",283.36,282.16,38.2,0.2,69.9,283.362060546875,0.991959631443024,3.814697265625e-06,0,10.5913782119751,0,0.110862731933594,115.616050720215
"375","2022-08-10 12:00:00",278.24,278.69,-18,-19.7,31.9,278.24462890625,1.00000321865082,3.814697265625e-06,0,9.92716693878174,0,0.12127685546875,0
"376","2022-08-10 18:00:00",278.85,279.34,-20.1,-23,44.4,278.8486328125,1.00000405311584,3.95774841308594e-05,0,10.1816205978394,0,0.290180206298828,0
"377","2022-08-11",280.28,280.26,-2.9,-3.9,64.4,280.278564453125,1.00000309944153,1.1444091796875e-05,0,9.46893215179443,0,1.03350830078125,58.0565757751465
"378","2022-08-11 06:00:00",283.74,282.02,53.2,42.6,79.9,283.73486328125,0.990708768367767,2.38418579101562e-07,0,9.94845771789551,0,0.327018737792969,207.130798339844
"379","2022-08-11 12:00:00",279.1,279.57,-16.2,-18.8,36.4,279.09765625,1.00000286102295,3.33786010742188e-06,0,8.51381397247314,0,0.0757637023925781,0
"380","2022-08-11 18:00:00",277.72,278.54,-13.2,-14.1,30.1,277.72216796875,1.00000429153442,6.91413879394531e-06,0,4.29023504257202,0,0.133502960205078,0
"381","2022-08-12",283.94,280.84,44,42.2,135.6,283.942626953125,0.997180163860321,4.76837158203125e-07,0,3.85343027114868,0,0.268882751464844,247.603881835938
"382","2022-08-12 06:00:00",285.41,282.3,55.1,30,76.4,285.41455078125,0.974946737289429,4.76837158203125e-07,0,5.05034017562866,0,0.0558853149414062,188.763824462891
"383","2022-08-12 12:00:00",278.02,279.95,-36.2,-40.4,22.2,278.01708984375,1.00000286102295,2.38418579101562e-07,0,5.41798782348633,0,0.0111541748046875,0
"384","2022-08-12 18:00:00",278.18,279.36,-22.6,-25.3,32.4,278.176025390625,1.00000405311584,2.26497650146484e-06,0,5.32907676696777,0,0.0645942687988281,0
"385","2022-08-13",284.89,281.96,55,65.5,147.2,284.893310546875,0.925585806369781,0,0,5.44368696212769,0,0.0253868103027344,366.880218505859
"386","2022-08-13 06:00:00",288.93,284.25,77.8,25.9,108.8,288.92578125,0.877992510795593,0,0,4.5032434463501,0,0.00420379638671875,317.947937011719
"387","2022-08-13 12:00:00",277.09,281.19,-42.8,-22.3,-1.3,277.091552734375,0.868274092674255,0,0,3.12927770614624,0,0,0
"388","2022-08-13 18:00:00",275.37,280.61,-67.4,-18.4,19.8,275.37353515625,0.772632479667664,0,0,3.86841440200806,0,0,0
"389","2022-08-14",285.45,284.03,20,70.1,183.6,285.449462890625,0.698718130588531,0,0,4.36176013946533,0,0,374.539978027344
"390","2022-08-14 06:00:00",291.18,286.72,78.9,21.2,104.3,291.18017578125,0.641084611415863,0,0,4.9633674621582,0,0,318.170928955078
"391","2022-08-14 12:00:00",277.86,282.66,-31.5,-11.5,-13.5,277.863525390625,0.804355204105377,0,0,1.99390864372253,0,0,0
"392","2022-08-14 18:00:00",278.78,280.49,-40.6,-20,36.2,278.784423828125,0.937597513198853,4.38690185546875e-05,0,6.90128707885742,0,0.142662048339844,0
"393","2022-08-15",282.19,282.4,-8.1,7.4,48.7,282.192138671875,0.947635114192963,0.000147819519042969,0,7.96533823013306,0,1.26998901367188,59.390209197998
"394","2022-08-15 06:00:00",284.97,285.4,-10.5,62.6,68.9,284.968017578125,0.838183045387268,0,0,6.03814649581909,0,2.7261962890625,166.651702880859
"395","2022-08-15 12:00:00",279.3,282.24,-78.5,-32.9,48.6,279.298095703125,0.879491925239563,0,0,8.00460147857666,0,0.12664794921875,0
"396","2022-08-15 18:00:00",280.07,281.45,-37.9,-48.8,64,280.07470703125,1.00000667572021,1.19209289550781e-06,0,7.93236970901489,0,0.0102691650390625,0
"397","2022-08-16",281.88,282.48,-21.5,11.4,19.1,281.87841796875,0.936451554298401,0.000647544860839844,0,9.36757755279541,0,0.453903198242188,33.2057113647461
"398","2022-08-16 06:00:00",283.11,283.08,-2.2,15.3,89.6,283.1064453125,0.973758399486542,0,0,8.26424217224121,0,7.59593200683594,144.24626159668
"399","2022-08-16 12:00:00",280.54,281.76,-21.1,-28.1,53.1,280.54296875,1.00000548362732,1.23977661132812e-05,0,4.95367336273193,0,0.963607788085938,0
"400","2022-08-16 18:00:00",279.71,280.7,-20.5,-25.6,49.6,279.70947265625,1.00000500679016,0.00108480453491211,0,5.78180503845215,0,7.30864715576172,0
"401","2022-08-17",278.87,279.64,-10.4,-12.2,37.2,278.873291015625,1.00000417232513,8.96453857421875e-05,0,3.63675212860107,0,13.5070190429688,12.4570388793945
"402","2022-08-17 06:00:00",281.6,280.19,16.8,23,128.1,281.6044921875,0.999743342399597,0,0,3.59871649742126,0,0.545089721679688,188.280731201172
"403","2022-08-17 12:00:00",274.44,276.99,-27.7,-10.6,-50.5,274.43896484375,0.904362738132477,0,0,3.16562390327454,0,0.103164672851562,0
"404","2022-08-17 18:00:00",277.83,278.75,-30.8,-33.1,53.8,277.830078125,1.00000500679016,4.76837158203125e-07,0,9.15845203399658,0,0.0762481689453125,0
"405","2022-08-18",281.97,281.46,12,87.1,89.7,281.969970703125,0.885058999061584,0,0,9.27205467224121,0,0.050018310546875,267.9033203125
"406","2022-08-18 06:00:00",282.57,282.02,13.7,22.1,26.5,282.571044921875,0.984301626682281,8.10623168945312e-06,0,9.60568809509277,0,0.0710601806640625,72.3453750610352
"407","2022-08-18 12:00:00",278.87,279.32,-10.6,-12.2,24.8,278.86865234375,1.00000596046448,2.38418579101562e-06,0,5.7781662940979,0,1.29544067382812,0
"408","2022-08-18 18:00:00",274.45,276.44,-49,-5.5,-12.9,274.4453125,0.883367836475372,0,0,7.05704212188721,0,0.350204467773438,0
"409","2022-08-19",280.74,280.08,17.4,51.6,37.5,280.740478515625,0.94748330116272,5.29289245605469e-05,0,9.64466857910156,0,0.123355865478516,123.834449768066
"410","2022-08-19 06:00:00",279.86,280.35,-12.8,-15.5,48.6,279.863525390625,1.00000333786011,2.57492065429688e-05,0,6.64874029159546,0,0.810661315917969,18.0382022857666
"411","2022-08-19 12:00:00",279.18,279.74,-12.2,-13.9,29.5,279.1796875,1.00000500679016,0.000316143035888672,0,5.58530616760254,0,1.78861999511719,0
"412","2022-08-19 18:00:00",277.48,278.2,-10.2,-10.8,23.2,277.482666015625,1.00000548362732,1.43051147460938e-05,0,3.77491140365601,0,2.43157196044922,0
"413","2022-08-20",280.22,277.8,36.6,41.8,131.1,280.216064453125,1.00000333786011,4.76837158203125e-07,0,4.31646490097046,0,0.374763488769531,224.957092285156
"414","2022-08-20 06:00:00",281.7,279.18,64.5,107.5,27.9,281.698486328125,0.908220767974854,0,0,7.73468399047852,0,0.0717697143554688,306.155883789062
"415","2022-08-20 12:00:00",275.7,276.75,-35.2,-25.9,25.3,275.70361328125,0.988423645496368,4.76837158203125e-07,0,9.25483798980713,0,0,0
"416","2022-08-20 18:00:00",276.67,277.18,-14.6,-14.5,30.7,276.671630859375,1.00000631809235,5.00679016113281e-06,0,7.22153282165527,0,0.350761413574219,0
"417","2022-08-21",278.64,277.63,20.6,35.7,168.4,278.638671875,0.966708898544312,0,0,6.75710582733154,0,6.98915863037109,282.104858398438
"418","2022-08-21 06:00:00",277.08,275.84,40.1,40.3,-45.1,277.08251953125,1.00000262260437,0.000191926956176758,0,10.5439414978027,0.000416278839111328,1.47837066650391,41.4851951599121
"419","2022-08-21 12:00:00",273.83,273.94,-6,-4.5,10.2,273.8349609375,1.00000309944153,3.60012054443359e-05,0,9.01102447509766,1.45840263366699,4.59116744995117,0
"420","2022-08-21 18:00:00",273.8,273.69,0,0.7,-1.1,273.800048828125,1.00000631809235,1.07288360595703e-05,4.02331352233887e-07,10.2867679595947,0.117298126220703,0.73712158203125,0
"421","2022-08-22",276.17,274.99,22.2,20.7,25.8,276.175048828125,1.00000309944153,3.83853912353516e-05,0,6.0826358795166,0.172235488891602,1.51790618896484,75.6995162963867
"422","2022-08-22 06:00:00",281.1,277.09,55.5,76.3,45,281.1005859375,0.94067656993866,0,0,3.49982738494873,0.00995635986328125,0.216552734375,281.567108154297
"423","2022-08-22 12:00:00",272.52,275.64,-26.9,-1.4,-44.4,272.515380859375,0.809604644775391,0,0,2.49679207801819,0,0.294620513916016,0
"424","2022-08-22 18:00:00",273.08,275.82,-58.2,-0.5,-11.1,273.080322265625,0.821829319000244,0,0,6.14447736740112,0,0,0
"425","2022-08-23",280.19,279.11,24.6,99.7,131.1,280.18994140625,0.81372457742691,0,0,7.47110843658447,0,0,345.893890380859
"426","2022-08-23 06:00:00",283.07,282.66,7.4,139.4,45.1,283.073974609375,0.695818603038788,0,0,7.40789651870728,0,0,290.320373535156
"427","2022-08-23 12:00:00",276.24,278.73,-64.8,0,15.4,276.24462890625,0.779621362686157,0,0,7.59394788742065,0,0,0
"428","2022-08-23 18:00:00",277.13,278.48,-40.2,-36.9,32.9,277.12646484375,0.994528114795685,0,0,8.34958934783936,0,0,0
"429","2022-08-24",281.79,281.1,18.6,12.8,70.5,281.79443359375,0.996127307415009,2.38418579101562e-07,0,9.55834197998047,0,0.0441513061523438,108.515846252441
"430","2022-08-24 06:00:00",283.68,282.74,28.5,63.3,67.5,283.675537109375,0.932817816734314,4.76837158203125e-07,0,10.5061454772949,0,0.145118713378906,203.978408813477
"431","2022-08-24 12:00:00",279.69,280.84,-50.2,-29.3,21.7,279.685546875,0.963016986846924,1.43051147460938e-06,0,12.1927194595337,0,0.00629043579101562,0
"432","2022-08-24 18:00:00",279.84,280.63,-27.2,-24.6,55.5,279.839111328125,0.99106365442276,4.76837158203125e-07,0,9.29252433776855,0,0.0749893188476562,0
"433","2022-08-25",282.31,282.18,0.8,0,86.8,282.314453125,1.00000369548798,2.38418579101562e-07,0,9.0203161239624,0,0.0933074951171875,92.485954284668
"434","2022-08-25 06:00:00",282.36,282.29,-1.7,38.7,98.4,282.35546875,0.953356444835663,9.5367431640625e-07,0,11.7952365875244,0,2.54002380371094,185.757949829102
"435","2022-08-25 12:00:00",280.08,281.87,-61,13.1,43,280.083740234375,0.863469302654266,0,0,9.93069553375244,0,2.9521598815918,0
"436","2022-08-25 18:00:00",277.64,278.87,-34.7,-34.3,39.2,277.641845703125,0.999106585979462,0,0,7.90587139129639,0,0,0
"437","2022-08-26",279.79,280.42,-17.6,-14.2,54,279.78466796875,0.989873290061951,0.000181198120117188,0,7.26449060440063,0,4.72164916992188,18.9919815063477
"438","2022-08-26 06:00:00",280.1,280.57,-9.3,-11.7,45.3,280.09765625,1.00000321865082,2.86102294921875e-06,0,4.94160842895508,0,11.5611572265625,22.46604347229
"439","2022-08-26 12:00:00",278.43,279.4,-14.3,-16.2,33.6,278.427001953125,1.000004529953,3.14712524414062e-05,0,4.02995538711548,0,22.8786468505859,0
"440","2022-08-26 18:00:00",275.39,275.33,-0.5,-0.3,-35,275.391448974609,1.00000476837158,2.38418579101562e-06,0,3.79236912727356,0,1.10946655273438,0
"441","2022-08-27",280.31,277.48,26.6,55.4,149.8,280.305908203125,0.828006386756897,0,0,2.26092386245728,0,0.0730514526367188,343.118194580078
"442","2022-08-27 06:00:00",283.92,280.21,45.6,82,38.1,283.916015625,0.917192876338959,0,0,3.09732437133789,0,0.0033721923828125,275.03125
"443","2022-08-27 12:00:00",273.08,275.9,-30.3,-10.4,-39.5,273.079284667969,0.892629206180573,0,0,3.12582540512085,0,0,0
"444","2022-08-27 18:00:00",272.57,275.04,-26.5,-3.7,-49.2,272.571105957031,0.863317310810089,0,0,3.08628106117249,0,0,0
"445","2022-08-28",280.08,279.01,14,52.2,169.7,280.08203125,0.824665188789368,0,0,4.08631706237793,0,0.00911712646484375,338.384918212891
"446","2022-08-28 06:00:00",285.8,282.9,22,76.8,60.6,285.796142578125,0.751924514770508,0,0,1.67113864421844,0,0,263.84375
"447","2022-08-28 12:00:00",275.41,278.64,-50.4,-15.9,3.3,275.411376953125,0.86226361989975,0,0,4.59480333328247,0,0.00390625,0
"448","2022-08-28 18:00:00",275.46,277.09,-36.4,-34.1,20.6,275.459167480469,1.00000488758087,4.76837158203125e-07,0,6.32123613357544,0,0.00254058837890625,0
"449","2022-08-29",282.32,279.94,27,45.7,143.6,282.318603515625,0.95166277885437,0,0,3.04248046875,0,0.0241165161132812,308.883575439453
"450","2022-08-29 06:00:00",282.76,281.13,13.6,23.9,21.6,282.756591796875,0.969941914081573,5.7220458984375e-06,0,2.26108193397522,0,0.0568084716796875,80.078125
"451","2022-08-29 12:00:00",273.97,277.34,-22.4,-9.8,-41.7,273.9697265625,0.891483843326569,0,0,1.94234502315521,0,0,0
"452","2022-08-29 18:00:00",272.68,273.47,-4.9,-3.6,-37.3,272.682556152344,1.00000500679016,2.38418579101562e-06,0,1.61743676662445,0,0,0
"453","2022-08-30",280.76,279.15,11.1,27,159.5,280.7568359375,0.881321430206299,0,0,1.73971271514893,0,0.0232315063476562,273.555938720703
"454","2022-08-30 06:00:00",283.98,281.48,23,60.1,31.4,283.9814453125,0.833117425441742,0,0,2.27348518371582,0,0.0370559692382812,177.78125
"455","2022-08-30 12:00:00",273.56,278.02,-33.9,-0.2,-37.2,273.55712890625,0.728261053562164,0,0,2.2382550239563,0,0,0
"456","2022-08-30 18:00:00",273.9,277.3,-31.4,-21.6,-12.7,273.895782470703,0.952549338340759,0,0,2.69134092330933,0,0,0
"457","2022-08-31",281.98,279.66,24.7,49,151.2,281.981201171875,0.90167647600174,0,0,2.80389046669006,0,0,330.015594482422
"458","2022-08-31 06:00:00",284.98,282.06,33.3,78.6,40.8,284.984375,0.820604801177979,0,0,2.92883396148682,0,0,257.59375
"459","2022-08-31 12:00:00",274.85,278.52,-38.2,-13.8,-21.4,274.846923828125,0.858205080032349,0,0,3.05914211273193,0,0.0058135986328125,0
"460","2022-08-31 18:00:00",272.52,276.07,-11.8,-1.5,-54.7,272.524658203125,0.808552324771881,0,0,0.561585605144501,0,0,0
"461","2022-09-01",282.25,281.1,6.2,34.6,179.8,282.25439453125,0.742512702941895,0,0,1.33749842643738,0,0,316.560821533203
"462","2022-09-01 06:00:00",284.16,281.68,38.5,84.4,27,284.15869140625,0.841281116008759,0,0,4.41418600082397,0,0,252.46875
"463","2022-09-01 12:00:00",274.77,278.39,-11.9,-5.3,-58.9,274.771240234375,0.880893707275391,0,0,0.722323954105377,0,0.0163002014160156,0
"464","2022-09-01 18:00:00",272.38,274.24,-6.4,-3.7,-55.9,272.38037109375,0.968432545661926,0,0,0.533594489097595,0,0.0025482177734375,0
"465","2022-09-02",281.09,279.56,13.9,44.8,158.5,281.092041015625,0.804524481296539,0,0,2.47167420387268,0,0.0213546752929688,313.416290283203
"466","2022-09-02 06:00:00",283.23,281,29.5,94.8,21,283.22998046875,0.754397451877594,0,0,3.68885445594788,0,0.00188827514648438,249.25
"467","2022-09-02 12:00:00",273.19,277.16,-23.6,-2.6,-51,273.191650390625,0.783008813858032,0,0,1.74555647373199,0,0,0
"468","2022-09-02 18:00:00",272.39,275.89,-27.3,0,-50.1,272.39453125,0.676457345485687,0,0,2.27551960945129,0,0,0
"469","2022-09-03",279.82,278.43,14.3,54,143.8,279.822998046875,0.714588403701782,0,0,2.9139039516449,0,0,312.107269287109
"470","2022-09-03 06:00:00",282.37,280.38,28.9,93.1,20.7,282.37451171875,0.790027379989624,0,0,4.16541862487793,0,0,245.03125
"471","2022-09-03 12:00:00",272.86,277,-27.1,-11.6,-36.6,272.859619140625,0.872029483318329,0,0,1.92843616008759,0,0,0
"472","2022-09-03 18:00:00",272.56,276.06,-28.2,-6.5,-41.4,272.559326171875,0.837224841117859,0,0,2.34535050392151,0,0,0
"473","2022-09-04",280.26,278.25,25.9,47,136.6,280.26220703125,0.901112258434296,0,0,3.60581421852112,0,0,306.631774902344
"474","2022-09-04 06:00:00",281.58,280.01,17.3,56.7,70.8,281.5751953125,0.83014178276062,0,0,3.15455913543701,0,0.0911636352539062,239.40625
"475","2022-09-04 12:00:00",276.69,277.73,-14.2,-0.9,-17.6,276.687744140625,0.933278799057007,0,0,3.71895360946655,0,0.0264205932617188,0
"476","2022-09-04 18:00:00",273.94,274.61,-15.4,-12.4,-26,273.936767578125,1.00000512599945,7.15255737304688e-07,0,5.86875677108765,0,1.39506149291992,0
"477","2022-09-05",279.76,278,36.7,77.7,93.2,279.76318359375,0.895054161548615,0,0,6.26939153671265,0,0.0253028869628906,302.842346191406
"478","2022-09-05 06:00:00",282.78,280.96,27.4,88.4,19.7,282.775390625,0.809023439884186,0,0,4.40710210800171,0,0,236.5625
"479","2022-09-05 12:00:00",274.81,276.77,-35.4,-10.6,-22.5,274.81103515625,0.91363936662674,0,0,5.13576745986938,0,0,0
"480","2022-09-05 18:00:00",272.97,276.2,-50.3,2.5,-31.5,272.9677734375,0.761753559112549,0,0,4.506263256073,0,0.0321502685546875,0
"481","2022-09-06",280.47,279.01,12.6,46.1,143.7,280.466552734375,0.77354884147644,0,0,2.35290622711182,0,0,304.689758300781
"482","2022-09-06 06:00:00",285.02,281.77,19.1,64,38,285.02197265625,0.644015252590179,0,0,1.03393268585205,0,0.00160980224609375,234.59375
"483","2022-09-06 12:00:00",274.26,278.4,-40.4,0,-41.1,274.26318359375,0.733509957790375,0,0,2.89275860786438,0,0,0
"484","2022-09-06 18:00:00",273.68,275.95,-54.8,-2.9,-25.1,273.676025390625,0.858217597007751,0,0,6.93424797058105,0,0,0
